linkID,pollutantID,sourceTypeID,ratePerDistance
1,1,21,1.26589
1,2,21,13.2268
1,3,21,0.644864
1,90,21,3976.16
1,91,21,55318.7
1,110,21,0.045998
1,112,21,0.00731114
1,115,21,0.00126914
1,118,21,0.0386869
2,1,21,0.950795
2,2,21,12.1159
2,3,21,2.05427
2,90,21,3675.63
2,91,21,51137.4
2,110,21,0.0447184
2,112,21,0.00603149
2,115,21,0.00126914
2,118,21,0.0386869
3,1,21,1.04942
3,2,21,36.4806
3,3,21,1.21022
3,90,21,5630.33
3,91,21,78331.7
3,110,21,0.0451294
3,112,21,0.00644254
3,115,21,0.00126914
3,118,21,0.0386869
4,1,21,1.29827
4,2,21,60.3039
4,3,21,2.40792
4,90,21,7515.09
4,91,21,104553
4,110,21,0.0462544
4,112,21,0.00756751
4,115,21,0.00126914
4,118,21,0.0386869
5,1,21,1.76418
5,2,21,72.9593
5,3,21,5.02526
5,90,21,10310.3
5,91,21,143440
5,110,21,0.0505355
5,112,21,0.0118486
5,115,21,0.00126914
5,118,21,0.0386869
6,1,21,2.25065
6,2,21,105.076
6,3,21,8.81294
6,90,21,12991.3
6,91,21,180741
6,110,21,0.0521511
6,112,21,0.0134642
6,115,21,0.00126914
6,118,21,0.0386869
7,1,21,2.73614
7,2,21,134.751
7,3,21,13.1443
7,90,21,15519.4
7,91,21,215913
7,110,21,0.0552831
7,112,21,0.0165963
7,115,21,0.00126914
7,118,21,0.0386869
8,1,21,3.45555
8,2,21,190.518
8,3,21,19.7002
8,90,21,18735.6
8,91,21,260657
8,110,21,0.0869945
8,112,21,0.0483076
8,115,21,0.00126914
8,118,21,0.0386869
9,1,21,1.51103
9,2,21,55.822
9,3,21,2.93707
9,90,21,7473.71
9,91,21,103977
9,110,21,0.0505275
9,112,21,0.0118406
9,115,21,0.00126914
9,118,21,0.0386869
10,1,21,1.43791
10,2,21,66.5474
10,3,21,3.54843
10,90,21,8379.92
10,91,21,116585
10,110,21,0.0521492
10,112,21,0.0134623
10,115,21,0.00126914
10,118,21,0.0386869
11,1,21,1.69689
11,2,21,86.0298
11,3,21,5.42325
11,90,21,10174
11,91,21,141545
11,110,21,0.0519002
11,112,21,0.0132134
11,115,21,0.00126914
11,118,21,0.0386869
12,1,21,2.30572
12,2,21,126.467
12,3,21,9.25767
12,90,21,12988.8
12,91,21,180706
12,110,21,0.0538314
12,112,21,0.0151445
12,115,21,0.00126914
12,118,21,0.0386869
13,1,21,2.57241
13,2,21,142.312
13,3,21,13.0578
13,90,21,17086.9
13,91,21,237720
13,110,21,0.0570752
13,112,21,0.0183883
13,115,21,0.00126914
13,118,21,0.0386869
14,1,21,3.84551
14,2,21,226.827
14,3,21,21.3087
14,90,21,22182.8
14,91,21,308615
14,110,21,0.0706666
14,112,21,0.0319798
14,115,21,0.00126914
14,118,21,0.0386869
15,1,21,7.38589
15,2,21,413.097
15,3,21,32.8678
15,90,21,29894
15,91,21,415897
15,110,21,0.167532
15,112,21,0.128846
15,115,21,0.00126914
15,118,21,0.0386869
16,1,21,12.1865
16,2,21,842.677
16,3,21,47.4043
16,90,21,40939.8
16,91,21,569571
16,110,21,0.483927
16,112,21,0.44524
16,115,21,0.00126914
16,118,21,0.0386869
17,1,21,20.6329
17,2,21,2612.13
17,3,21,62.709
17,90,21,51333.9
17,91,21,714177
17,110,21,1.09984
17,112,21,1.06115
17,115,21,0.00126914
17,118,21,0.0386869
18,1,21,1.52886
18,2,21,46.6686
18,3,21,4.09004
18,90,21,10458.6
18,91,21,145505
18,110,21,0.067276
18,112,21,0.0285892
18,115,21,0.00126914
18,118,21,0.0386869
19,1,21,2.13089
19,2,21,84.4948
19,3,21,11.971
19,90,21,16377.2
19,91,21,227846
19,110,21,0.0700719
19,112,21,0.031385
19,115,21,0.00126914
19,118,21,0.0386869
20,1,21,2.609
20,2,21,117.362
20,3,21,17.4421
20,90,21,21138.4
20,91,21,294085
20,110,21,0.0705614
20,112,21,0.0318745
20,115,21,0.00126914
20,118,21,0.0386869
21,1,21,5.62401
21,2,21,359.13
21,3,21,27.1298
21,90,21,27545.1
21,91,21,383218
21,110,21,0.0991868
21,112,21,0.0604999
21,115,21,0.00126914
21,118,21,0.0386869
22,1,21,8.11036
22,2,21,453.764
22,3,21,38.8389
22,90,21,36665.5
22,91,21,510105
22,110,21,0.178658
22,112,21,0.139971
22,115,21,0.00126914
22,118,21,0.0386869
23,1,21,11.0015
23,2,21,1241.74
23,3,21,48.8813
23,90,21,46697.3
23,91,21,649672
23,110,21,0.199786
23,112,21,0.1611
23,115,21,0.00126914
23,118,21,0.0386869
1,1,31,2.58722
1,2,31,23.4833
1,3,31,1.48776
1,90,31,6168.02
1,91,31,85770.9
1,110,31,0.0634234
1,112,31,0.0146999
1,115,31,0.00262681
1,118,31,0.0487235
2,1,31,1.35965
2,2,31,20.7368
2,3,31,3.72125
2,90,31,4858.7
2,91,31,67562.5
2,110,31,0.0656546
2,112,31,0.0169311
2,115,31,0.00262681
2,118,31,0.0487235
3,1,31,2.06462
3,2,31,60.6878
3,3,31,2.34944
3,90,31,7566.05
3,91,31,105216
3,110,31,0.0647072
3,112,31,0.0159837
3,115,31,0.00262681
3,118,31,0.0487235
4,1,31,2.26482
4,2,31,94.9665
4,3,31,4.59211
4,90,31,9254.51
4,91,31,128693
4,110,31,0.0645159
4,112,31,0.0157924
4,115,31,0.00262681
4,118,31,0.0487235
5,1,31,3.22945
5,2,31,119.905
5,3,31,9.20019
5,90,31,13117.4
5,91,31,182400
5,110,31,0.0879474
5,112,31,0.0392239
5,115,31,0.00262681
5,118,31,0.0487235
6,1,31,3.9574
6,2,31,167.748
6,3,31,15.4269
6,90,31,16613.4
6,91,31,231002
6,110,31,0.114438
6,112,31,0.0657147
6,115,31,0.00262681
6,118,31,0.0487235
7,1,31,4.785
7,2,31,219.14
7,3,31,22.7656
7,90,31,20022.2
7,91,31,278392
7,110,31,0.136626
7,112,31,0.0879022
7,115,31,0.00262681
7,118,31,0.0487235
8,1,31,6.38295
8,2,31,310.633
8,3,31,35.1343
8,90,31,24922.5
8,91,31,346511
8,110,31,0.225605
8,112,31,0.176882
8,115,31,0.00262681
8,118,31,0.0487235
9,1,31,2.74982
9,2,31,89.4817
9,3,31,5.13521
9,90,31,9909.13
9,91,31,137802
9,110,31,0.0625755
9,112,31,0.0138521
9,115,31,0.00262681
9,118,31,0.0487235
10,1,31,2.69273
10,2,31,108.979
10,3,31,7.27152
10,90,31,10528.2
10,91,31,146404
10,110,31,0.0663121
10,112,31,0.0175886
10,115,31,0.00262681
10,118,31,0.0487235
11,1,31,3.11919
11,2,31,137.584
11,3,31,10.5518
11,90,31,12969.7
11,91,31,180340
11,110,31,0.0747697
11,112,31,0.0260462
11,115,31,0.00262681
11,118,31,0.0487235
12,1,31,4.0901
12,2,31,186.199
12,3,31,17.1551
12,90,31,16717.9
12,91,31,232449
12,110,31,0.0903117
12,112,31,0.0415883
12,115,31,0.00262681
12,118,31,0.0487235
13,1,31,4.4845
13,2,31,220.998
13,3,31,24.1708
13,90,31,21337.8
13,91,31,296687
13,110,31,0.107112
13,112,31,0.0583881
13,115,31,0.00262681
13,118,31,0.0487235
14,1,31,6.09321
14,2,31,314.236
14,3,31,35.8882
14,90,31,28918.4
14,91,31,402085
14,110,31,0.133788
14,112,31,0.0850642
14,115,31,0.00262681
14,118,31,0.0487235
15,1,31,11.031
15,2,31,537.353
15,3,31,55.8174
15,90,31,38617.8
15,91,31,536956
15,110,31,0.304228
15,112,31,0.255505
15,115,31,0.00262681
15,118,31,0.0487235
16,1,31,18.098
16,2,31,1200.76
16,3,31,82.2344
16,90,31,52859.1
16,91,31,734986
16,110,31,0.584487
16,112,31,0.535764
16,115,31,0.00262681
16,118,31,0.0487235
17,1,31,27.689
17,2,31,3898.29
17,3,31,105.989
17,90,31,62239.4
17,91,31,865460
17,110,31,1.59225
17,112,31,1.54353
17,115,31,0.00262681
17,118,31,0.0487235
18,1,31,3.04753
18,2,31,91.6001
18,3,31,9.21678
18,90,31,14089.2
18,91,31,195911
18,110,31,0.0869251
18,112,31,0.0382016
18,115,31,0.00262681
18,118,31,0.0487235
19,1,31,3.93108
19,2,31,154.965
19,3,31,23.6573
19,90,31,21162.7
19,91,31,294270
19,110,31,0.141362
19,112,31,0.0926389
19,115,31,0.00262681
19,118,31,0.0487235
20,1,31,4.80991
20,2,31,209.323
20,3,31,32.556
20,90,31,27771.6
20,91,31,386153
20,110,31,0.1624
20,112,31,0.113676
20,115,31,0.00262681
20,118,31,0.0487235
21,1,31,7.59435
21,2,31,454.864
21,3,31,49.9886
21,90,31,36002.4
21,91,31,500618
21,110,31,0.191807
21,112,31,0.143083
21,115,31,0.00262681
21,118,31,0.0487235
22,1,31,16.3486
22,2,31,677.157
22,3,31,70.6662
22,90,31,47109.3
22,91,31,655085
22,110,31,0.286533
22,112,31,0.23781
22,115,31,0.00262681
22,118,31,0.0487235
23,1,31,22.2258
23,2,31,1830.5
23,3,31,93.448
23,90,31,62191.8
23,91,31,864825
23,110,31,0.343046
23,112,31,0.294323
23,115,31,0.00262681
23,118,31,0.0487235
1,1,32,2.68875
1,2,32,24.8637
1,3,32,2.647
1,90,32,6296.49
1,91,32,87450.6
1,110,32,0.146352
1,112,32,0.04226
1,115,32,0.00545141
1,118,32,0.104092
2,1,32,1.47195
2,2,32,17.7033
2,3,32,6.85989
2,90,32,4952.07
2,91,32,68774.5
2,110,32,0.158677
2,112,32,0.054585
2,115,32,0.00545141
2,118,32,0.104092
3,1,32,2.55921
3,2,32,65.6534
3,3,32,3.41658
3,90,32,7703.03
3,91,32,106998
3,110,32,0.151458
3,112,32,0.047366
3,115,32,0.00545141
3,118,32,0.104092
4,1,32,2.59452
4,2,32,91.5566
4,3,32,5.97197
4,90,32,9433.5
4,91,32,131027
4,110,32,0.148726
4,112,32,0.0446342
4,115,32,0.00545141
4,118,32,0.104092
5,1,32,4.00357
5,2,32,122.079
5,3,32,10.7942
5,90,32,13407.4
5,91,32,186189
5,110,32,0.232586
5,112,32,0.128494
5,115,32,0.00545141
5,118,32,0.104092
6,1,32,4.72713
6,2,32,169.97
6,3,32,16.6156
6,90,32,17017.5
6,91,32,236294
6,110,32,0.334169
6,112,32,0.230078
6,115,32,0.00545141
6,118,32,0.104092
7,1,32,5.68967
7,2,32,228.202
7,3,32,22.8875
7,90,32,20542.9
7,91,32,285221
7,110,32,0.390648
7,112,32,0.286556
7,115,32,0.00545141
7,118,32,0.104092
8,1,32,7.97477
8,2,32,336.513
8,3,32,37.3312
8,90,32,25621
8,91,32,355687
8,110,32,0.612651
8,112,32,0.50856
8,115,32,0.00545141
8,118,32,0.104092
9,1,32,3.11505
9,2,32,92.7738
9,3,32,5.54359
9,90,32,10100.6
9,91,32,140309
9,110,32,0.131863
9,112,32,0.0277712
9,115,32,0.00545141
9,118,32,0.104092
10,1,32,3.21276
10,2,32,111.624
10,3,32,9.42811
10,90,32,10734.3
10,91,32,149089
10,110,32,0.150153
10,112,32,0.0460613
10,115,32,0.00545141
10,118,32,0.104092
11,1,32,3.75017
11,2,32,138.455
11,3,32,12.4429
11,90,32,13279.2
11,91,32,184395
11,110,32,0.180938
11,112,32,0.0768461
11,115,32,0.00545141
11,118,32,0.104092
12,1,32,4.67023
12,2,32,184.387
12,3,32,18.3119
12,90,32,17160.1
12,91,32,238262
12,110,32,0.241185
12,112,32,0.137093
12,115,32,0.00545141
12,118,32,0.104092
13,1,32,4.87475
13,2,32,223.978
13,3,32,24.386
13,90,32,21907.4
13,91,32,304178
13,110,32,0.290543
13,112,32,0.186452
13,115,32,0.00545141
13,118,32,0.104092
14,1,32,6.13946
14,2,32,311.241
14,3,32,33.9829
14,90,32,29734.2
14,91,32,412842
14,110,32,0.349565
14,112,32,0.245473
14,115,32,0.00545141
14,118,32,0.104092
15,1,32,11.0929
15,2,32,536.684
15,3,32,52.6604
15,90,32,39642.9
15,91,32,550442
15,110,32,0.570317
15,112,32,0.466226
15,115,32,0.00545141
15,118,32,0.104092
16,1,32,17.8361
16,2,32,1147.19
16,3,32,77.1202
16,90,32,54194.2
16,91,32,752522
16,110,32,0.849342
16,112,32,0.74525
16,115,32,0.00545141
16,118,32,0.104092
17,1,32,26.8021
17,2,32,3618.86
17,3,32,102.238
17,90,32,63512.7
17,91,32,882037
17,110,32,1.97664
17,112,32,1.87255
17,115,32,0.00545141
17,118,32,0.104092
18,1,32,3.40461
18,2,32,108.594
18,3,32,11.5617
18,90,32,14432.5
18,91,32,200424
18,110,32,0.17235
18,112,32,0.0682586
18,115,32,0.00545141
18,118,32,0.104092
19,1,32,4.03384
19,2,32,162.632
19,3,32,24.5598
19,90,32,21659.9
19,91,32,300792
19,110,32,0.369214
19,112,32,0.265123
19,115,32,0.00545141
19,118,32,0.104092
20,1,32,4.84139
20,2,32,214.602
20,3,32,32.4603
20,90,32,28518.6
20,91,32,395999
20,110,32,0.435013
20,112,32,0.330922
20,115,32,0.00545141
20,118,32,0.104092
21,1,32,7.42313
21,2,32,451.259
21,3,32,48.7995
21,90,32,36870
21,91,32,512012
21,110,32,0.470329
21,112,32,0.366238
21,115,32,0.00545141
21,118,32,0.104092
22,1,32,14.3551
22,2,32,616.826
22,3,32,67.35
22,90,32,48088.4
22,91,32,667871
22,110,32,0.566119
22,112,32,0.462027
22,115,32,0.00545141
22,118,32,0.104092
23,1,32,19.5722
23,2,32,1622.7
23,3,32,90.1167
23,90,32,63465.2
23,91,32,881455
23,110,32,0.725842
23,112,32,0.62175
23,115,32,0.00545141
23,118,32,0.104092
1,1,41,13.1386
1,2,41,33.1187
1,3,41,77.042
1,90,41,18231.1
1,91,41,247499
1,110,41,4.83205
1,112,41,0.877941
1,115,41,0.134558
1,118,41,3.95411
2,1,41,9.80965
2,2,41,22.5452
2,3,41,64.1151
2,90,41,9057.34
2,91,41,122960
2,110,41,5.01469
2,112,41,1.06058
2,115,41,0.134558
2,118,41,3.95411
3,1,41,18.3596
3,2,41,61.1987
3,3,41,59.827
3,90,41,11917.2
3,91,41,161784
3,110,41,5.49151
3,112,41,1.5374
3,115,41,0.134558
3,118,41,3.95411
4,1,41,18.6114
4,2,41,65.9062
4,3,41,206.748
4,90,41,33857
4,91,41,459632
4,110,41,6.77274
4,112,41,2.81862
4,115,41,0.134558
4,118,41,3.95411
5,1,41,25.1232
5,2,41,125.99
5,3,41,334.324
5,90,41,60357.4
5,91,41,819393
5,110,41,20.0026
5,112,41,16.0485
5,115,41,0.134558
5,118,41,3.95411
6,1,41,27.4254
6,2,41,154.795
6,3,41,443.692
6,90,41,87302.2
6,91,41,1185190
6,110,41,28.219
6,112,41,24.2649
6,115,41,0.134558
6,118,41,3.95411
7,1,41,27.5549
7,2,41,193.398
7,3,41,532.722
7,90,41,109854
7,91,41,1491340
7,110,41,39.8746
7,112,41,35.9205
7,115,41,0.134558
7,118,41,3.95411
8,1,41,25.1408
8,2,41,242.313
8,3,41,741.12
8,90,41,149450
8,91,41,2028890
8,110,41,41.285
8,112,41,37.3309
8,115,41,0.134558
8,118,41,3.95411
9,1,41,19.2429
9,2,41,66.554
9,3,41,43.1136
9,90,41,9536.39
9,91,41,129463
9,110,41,5.57453
9,112,41,1.62042
9,115,41,0.134558
9,118,41,3.95411
10,1,41,23.2869
10,2,41,101.613
10,3,41,250.835
10,90,41,42981.1
10,91,41,583497
10,110,41,8.49302
10,112,41,4.53891
10,115,41,0.134558
10,118,41,3.95411
11,1,41,23.219
11,2,41,118.561
11,3,41,399.215
11,90,41,70226.3
11,91,41,953369
11,110,41,17.0314
11,112,41,13.0773
11,115,41,0.134558
11,118,41,3.95411
12,1,41,24.6807
12,2,41,154.183
12,3,41,577.026
12,90,41,100808
12,91,41,1368540
12,110,41,30.7302
12,112,41,26.7761
12,115,41,0.134558
12,118,41,3.95411
13,1,41,25.649
13,2,41,180.975
13,3,41,711.176
13,90,41,129108
13,91,41,1752740
13,110,41,42.8144
13,112,41,38.8603
13,115,41,0.134558
13,118,41,3.95411
14,1,41,27.2088
14,2,41,219.71
14,3,41,984.333
14,90,41,176042
14,91,41,2389900
14,110,41,57.2811
14,112,41,53.327
14,115,41,0.134558
14,118,41,3.95411
15,1,41,25.2371
15,2,41,237.597
15,3,41,1272.24
15,90,41,246460
15,91,41,3345860
15,110,41,84.295
15,112,41,80.3409
15,115,41,0.134558
15,118,41,3.95411
16,1,41,32.4477
16,2,41,305.482
16,3,41,1596.58
16,90,41,316876
16,91,41,4301810
16,110,41,126.635
16,112,41,122.681
16,115,41,0.134558
16,118,41,3.95411
17,1,41,39.6583
17,2,41,373.368
17,3,41,1951.38
17,90,41,387293
17,91,41,5257770
17,110,41,156.621
17,112,41,152.667
17,115,41,0.134558
17,118,41,3.95411
18,1,41,27.6653
18,2,41,114.815
18,3,41,171.377
18,90,41,37947.4
18,91,41,515162
18,110,41,10.5485
18,112,41,6.5944
18,115,41,0.134558
18,118,41,3.95411
19,1,41,27.3172
19,2,41,146.006
19,3,41,725.527
19,90,41,113707
19,91,41,1543640
19,110,41,23.5698
19,112,41,19.6157
19,115,41,0.134558
19,118,41,3.95411
20,1,41,29.1875
20,2,41,212.766
20,3,41,1059.49
20,90,41,176596
20,91,41,2397420
20,110,41,34.1311
20,112,41,30.177
20,115,41,0.134558
20,118,41,3.95411
21,1,41,34.2001
21,2,41,179.497
21,3,41,1387.8
21,90,41,247235
21,91,41,3356390
21,110,41,48.1441
21,112,41,44.19
21,115,41,0.134558
21,118,41,3.95411
22,1,41,43.9717
22,2,41,230.783
22,3,41,1749.53
22,90,41,317873
22,91,41,4315340
22,110,41,70.0118
22,112,41,66.0577
22,115,41,0.134558
22,118,41,3.95411
23,1,41,53.7431
23,2,41,282.068
23,3,41,2138.31
23,90,41,388511
23,91,41,5274300
23,110,41,85.2991
23,112,41,81.345
23,115,41,0.134558
23,118,41,3.95411
1,1,42,26.0885
1,2,42,52.5831
1,3,42,55.6419
1,90,42,17102.2
1,91,42,236317
1,110,42,4.63155
1,112,42,0.750533
1,115,42,0.118884
1,118,42,3.88101
2,1,42,17.588
2,2,42,31.0373
2,3,42,116.836
2,90,42,8907.4
2,91,42,124230
2,110,42,4.70184
2,112,42,0.82083
2,115,42,0.118884
2,118,42,3.88101
3,1,42,32.9888
3,2,42,94.4031
3,3,42,80.189
3,90,42,11723.6
3,91,42,163513
3,110,42,5.14805
3,112,42,1.26704
3,115,42,0.118884
3,118,42,3.88101
4,1,42,45.7237
4,2,42,109.712
4,3,42,237.568
4,90,42,32559
4,91,42,452103
4,110,42,6.70088
4,112,42,2.81987
4,115,42,0.118884
4,118,42,3.88101
5,1,42,105.141
5,2,42,240.051
5,3,42,373.07
5,90,42,61511.8
5,91,42,863541
5,110,42,21.9062
5,112,42,18.0252
5,115,42,0.118884
5,118,42,3.88101
6,1,42,161.869
6,2,42,335.129
6,3,42,512.96
6,90,42,90903.1
6,91,42,1281100
6,110,42,29.9503
6,112,42,26.0692
6,115,42,0.118884
6,118,42,3.88101
7,1,42,215.328
7,2,42,443.072
7,3,42,617.726
7,90,42,116473
7,91,42,1646710
7,110,42,41.745
7,112,42,37.864
7,115,42,0.118884
7,118,42,3.88101
8,1,42,295.765
8,2,42,603.108
8,3,42,722.594
8,90,42,159591
8,91,42,2259070
8,110,42,41.8204
8,112,42,37.9394
8,115,42,0.118884
8,118,42,3.88101
9,1,42,36.8491
9,2,42,99.9264
9,3,42,77.3138
9,90,42,10126.4
9,91,42,143217
9,110,42,5.65963
9,112,42,1.77862
9,115,42,0.118884
9,118,42,3.88101
10,1,42,45.7519
10,2,42,146.115
10,3,42,294.089
10,90,42,40994.8
10,91,42,568307
10,110,42,9.14759
10,112,42,5.26657
10,115,42,0.118884
10,118,42,3.88101
11,1,42,77.828
11,2,42,248.366
11,3,42,461.581
11,90,42,70690.3
11,91,42,990135
11,110,42,19.1308
11,112,42,15.2498
11,115,42,0.118884
11,118,42,3.88101
12,1,42,95.1471
12,2,42,334.87
12,3,42,621.556
12,90,42,98862.9
12,91,42,1377920
12,110,42,33.9346
12,112,42,30.0536
12,115,42,0.118884
12,118,42,3.88101
13,1,42,123.714
13,2,42,427.15
13,3,42,713.388
13,90,42,127960
13,91,42,1787050
13,110,42,49.3328
13,112,42,45.4518
13,115,42,0.118884
13,118,42,3.88101
14,1,42,167.592
14,2,42,589.127
14,3,42,1112.65
14,90,42,175250
14,91,42,2449480
14,110,42,67.8847
14,112,42,64.0037
14,115,42,0.118884
14,118,42,3.88101
15,1,42,225.316
15,2,42,744.607
15,3,42,1557.71
15,90,42,245350
15,91,42,3429280
15,110,42,105.874
15,112,42,101.993
15,115,42,0.118884
15,118,42,3.88101
16,1,42,289.693
16,2,42,957.351
16,3,42,2002.76
16,90,42,315450
16,91,42,4409070
16,110,42,167.701
16,112,42,163.82
16,115,42,0.118884
16,118,42,3.88101
17,1,42,354.069
17,2,42,1170.1
17,3,42,2447.82
17,90,42,385550
17,91,42,5388860
17,110,42,213.249
17,112,42,209.368
17,115,42,0.118884
17,118,42,3.88101
18,1,42,48.9086
18,2,42,187.702
18,3,42,268.171
18,90,42,38989.1
18,91,42,548171
18,110,42,10.397
18,112,42,6.516
18,115,42,0.118884
18,118,42,3.88101
19,1,42,74.8731
19,2,42,312.792
19,3,42,652.789
19,90,42,110735
19,91,42,1541310
19,110,42,23.8146
19,112,42,19.9336
19,115,42,0.118884
19,118,42,3.88101
20,1,42,108.329
20,2,42,525.641
20,3,42,1175.69
20,90,42,173248
20,91,42,2414800
20,110,42,37.1823
20,112,42,33.3013
20,115,42,0.118884
20,118,42,3.88101
21,1,42,153.725
21,2,42,541.697
21,3,42,1645.96
21,90,42,242548
21,91,42,3380720
21,110,42,56.1232
21,112,42,52.2422
21,115,42,0.118884
21,118,42,3.88101
22,1,42,197.646
22,2,42,696.468
22,3,42,2116.24
22,90,42,311846
22,91,42,4346630
22,110,42,86.6219
22,112,42,82.7409
22,115,42,0.118884
22,118,42,3.88101
23,1,42,241.568
23,2,42,851.237
23,3,42,2586.51
23,90,42,381145
23,91,42,5312550
23,110,42,108.335
23,112,42,104.454
23,115,42,0.118884
23,118,42,3.88101
1,1,43,21.2888
1,2,43,39.1623
1,3,43,70.8017
1,90,43,17860.8
1,91,43,242616
1,110,43,4.76181
1,112,43,1.02512
1,115,43,0.116681
1,118,43,3.73669
2,1,43,12.5927
2,2,43,25.0305
2,3,43,51.9074
2,90,43,9001.04
2,91,43,122310
2,110,43,5.1351
2,112,43,1.39841
2,115,43,0.116681
2,118,43,3.73669
3,1,43,26.3453
3,2,43,62.4084
3,3,43,46.8811
3,90,43,11844.2
3,91,43,160945
3,110,43,5.62078
3,112,43,1.88409
3,115,43,0.116681
3,118,43,3.73669
4,1,43,26.0057
4,2,43,83.6243
4,3,43,181.735
4,90,43,33415.2
4,91,43,453988
4,110,43,6.28097
4,112,43,2.54428
4,115,43,0.116681
4,118,43,3.73669
5,1,43,43.6062
5,2,43,270.898
5,3,43,307.7
5,90,43,60660.1
5,91,43,824506
5,110,43,14.695
5,112,43,10.9584
5,115,43,0.116681
5,118,43,3.73669
6,1,43,52.067
6,2,43,385.379
6,3,43,420.057
6,90,43,88352
6,91,43,1201100
6,110,43,22.6323
6,112,43,18.8956
6,115,43,0.116681
6,118,43,3.73669
7,1,43,59.9476
7,2,43,512.853
7,3,43,504.672
7,90,43,111837
7,91,43,1520590
7,110,43,32.7389
7,112,43,29.0022
7,115,43,0.116681
7,118,43,3.73669
8,1,43,62.6719
8,2,43,680.411
8,3,43,691.243
8,90,43,152518
8,91,43,2073820
8,110,43,36.6147
8,112,43,32.878
8,115,43,0.116681
8,118,43,3.73669
9,1,43,28.8331
9,2,43,79.2967
9,3,43,32.2514
9,90,43,9710.42
9,91,43,132026
9,110,43,4.80625
9,112,43,1.06956
9,115,43,0.116681
9,118,43,3.73669
10,1,43,34.0519
10,2,43,128.227
10,3,43,217.153
10,90,43,42312.9
10,91,43,574840
10,110,43,6.33805
10,112,43,2.60136
10,115,43,0.116681
10,118,43,3.73669
11,1,43,38.7215
11,2,43,279.599
11,3,43,358.802
11,90,43,70301.4
11,91,43,955463
11,110,43,11.4779
11,112,43,7.74124
11,115,43,0.116681
11,118,43,3.73669
12,1,43,40.4215
12,2,43,456.705
12,3,43,524.35
12,90,43,100093
12,91,43,1360090
12,110,43,22.1942
12,112,43,18.4575
12,115,43,0.116681
12,118,43,3.73669
13,1,43,45.7153
13,2,43,602.607
13,3,43,645.787
13,90,43,128616
13,91,43,1747810
13,110,43,27.2379
13,112,43,23.5012
13,115,43,0.116681
13,118,43,3.73669
14,1,43,52.5924
14,2,43,797.285
14,3,43,879.445
14,90,43,175617
14,91,43,2386620
14,110,43,34.1375
14,112,43,30.4008
14,115,43,0.116681
14,118,43,3.73669
15,1,43,51.4149
15,2,43,1031.17
15,3,43,1153.58
15,90,43,245864
15,91,43,3341270
15,110,43,42.7467
15,112,43,39.01
15,115,43,0.116681
15,118,43,3.73669
16,1,43,66.1049
16,2,43,1325.79
16,3,43,1480.65
16,90,43,316111
16,91,43,4295910
16,110,43,53.5306
16,112,43,49.7939
16,115,43,0.116681
16,118,43,3.73669
17,1,43,80.795
17,2,43,1620.41
17,3,43,1809.69
17,90,43,386358
17,91,43,5250550
17,110,43,61.003
17,112,43,57.2663
17,115,43,0.116681
17,118,43,3.73669
18,1,43,34.1209
18,2,43,142.492
18,3,43,165.196
18,90,43,38236.5
18,91,43,519750
18,110,43,9.57833
18,112,43,5.84165
18,115,43,0.116681
18,118,43,3.73669
19,1,43,37.5737
19,2,43,372.003
19,3,43,640.09
19,90,43,112653
19,91,43,1530690
19,110,43,20.6728
19,112,43,16.9361
19,115,43,0.116681
19,118,43,3.73669
20,1,43,40.5905
20,2,43,551.989
20,3,43,964.341
20,90,43,175360
20,91,43,2382860
20,110,43,25.5032
20,112,43,21.7665
20,115,43,0.116681
20,118,43,3.73669
21,1,43,37.9886
21,2,43,693.683
21,3,43,1287.24
21,90,43,245505
21,91,43,3336010
21,110,43,30.4334
21,112,43,26.6968
21,115,43,0.116681
21,118,43,3.73669
22,1,43,48.8425
22,2,43,891.879
22,3,43,1652.79
22,90,43,315648
22,91,43,4289140
22,110,43,37.4917
22,112,43,33.7551
22,115,43,0.116681
22,118,43,3.73669
23,1,43,59.6964
23,2,43,1090.07
23,3,43,2020.08
23,90,43,385792
23,91,43,5242280
23,110,43,41.6264
23,112,43,37.8897
23,115,43,0.116681
23,118,43,3.73669
1,1,52,17.2633
1,2,52,60.2296
1,3,52,53.2443
1,90,52,15554.3
1,91,52,212286
1,110,52,3.37472
1,112,52,0.682876
1,115,52,0.0837394
1,118,52,2.69184
2,1,52,10.2979
2,2,52,29.2034
2,3,52,40.2089
2,90,52,8726.84
2,91,52,119371
2,110,52,3.58949
2,112,52,0.89765
2,115,52,0.0837394
2,118,52,2.69184
3,1,52,21.091
3,2,52,86.7373
3,3,52,39.2823
3,90,52,11490.1
3,91,52,157171
3,110,52,3.93806
3,112,52,1.24621
3,115,52,0.0837394
3,118,52,2.69184
4,1,52,24.5083
4,2,52,171.833
4,3,52,143.005
4,90,52,30818
4,91,52,421122
4,110,52,4.54201
4,112,52,1.85016
4,115,52,0.0837394
4,118,52,2.69184
5,1,52,53.7923
5,2,52,673.069
5,3,52,257.671
5,90,52,63382.6
5,91,52,868221
5,110,52,11.733
5,112,52,9.04111
5,115,52,0.0837394
5,118,52,2.69184
6,1,52,77.0735
6,2,52,1078.8
6,3,52,360.187
6,90,52,96387
6,91,52,1321340
6,110,52,17.504
6,112,52,14.8121
6,115,52,0.0837394
6,118,52,2.69184
7,1,52,99.5627
7,2,52,1492.83
7,3,52,445.229
7,90,52,126382
7,91,52,1733580
7,110,52,25.0454
7,112,52,22.3535
7,115,52,0.0837394
7,118,52,2.69184
8,1,52,128.677
8,2,52,2101.36
8,3,52,617.878
8,90,52,174711
8,91,52,2397070
8,110,52,27.3024
8,112,52,24.6106
8,115,52,0.0837394
8,118,52,2.69184
9,1,52,23.4515
9,2,52,115.037
9,3,52,30.8427
9,90,52,11006.8
9,91,52,150986
9,110,52,3.59164
9,112,52,0.899794
9,115,52,0.0837394
9,118,52,2.69184
10,1,52,27.8797
10,2,52,200.21
10,3,52,173.956
10,90,52,38294.2
10,91,52,523075
10,110,52,5.0097
10,112,52,2.31786
10,115,52,0.0837394
10,118,52,2.69184
11,1,52,41.7212
11,2,52,855.305
11,3,52,296.762
11,90,52,71602.8
11,91,52,980358
11,110,52,9.55418
11,112,52,6.86233
11,115,52,0.0837394
11,118,52,2.69184
12,1,52,45.1261
12,2,52,1195.56
12,3,52,421.26
12,90,52,96411.6
12,91,52,1318610
12,110,52,17.9793
12,112,52,15.2874
12,115,52,0.0837394
12,118,52,2.69184
13,1,52,56.2017
13,2,52,1648.92
13,3,52,525.433
13,90,52,126752
13,91,52,1734340
13,110,52,23.2247
13,112,52,20.5329
13,115,52,0.0837394
13,118,52,2.69184
14,1,52,72.3955
14,2,52,2318.82
14,3,52,723.191
14,90,52,174706
14,91,52,2390940
14,110,52,30.1426
14,112,52,27.4507
14,115,52,0.0837394
14,118,52,2.69184
15,1,52,88.5041
15,2,52,3191.42
15,3,52,956.169
15,90,52,244588
15,91,52,3347320
15,110,52,42.1417
15,112,52,39.4499
15,115,52,0.0837394
15,118,52,2.69184
16,1,52,113.791
16,2,52,4103.25
16,3,52,1220.16
16,90,52,314470
16,91,52,4303690
16,110,52,59.8836
16,112,52,57.1917
16,115,52,0.0837394
16,118,52,2.69184
17,1,52,139.078
17,2,52,5015.08
17,3,52,1491.31
17,90,52,384353
17,91,52,5260070
17,110,52,75.4607
17,112,52,72.7688
17,115,52,0.0837394
17,118,52,2.69184
18,1,52,26.9528
18,2,52,282.868
18,3,52,147.224
18,90,52,40619.8
18,91,52,556581
18,110,52,7.0375
18,112,52,4.34565
18,115,52,0.0837394
18,118,52,2.69184
19,1,52,36.5298
19,2,52,1011.46
19,3,52,521.013
19,90,52,106849
19,91,52,1460910
19,110,52,15.5511
19,112,52,12.8593
19,115,52,0.0837394
19,118,52,2.69184
20,1,52,47.1727
20,2,52,1649.64
20,3,52,785.748
20,90,52,169027
20,91,52,2311800
20,110,52,20.5223
20,112,52,17.8304
20,115,52,0.0837394
20,118,52,2.69184
21,1,52,56.3659
21,2,52,2243.37
21,3,52,1052.7
21,90,52,236638
21,91,52,3236520
21,110,52,26.7019
21,112,52,24.01
21,115,52,0.0837394
21,118,52,2.69184
22,1,52,72.4705
22,2,52,2884.34
22,3,52,1345.31
22,90,52,304248
22,91,52,4161230
22,110,52,36.5638
22,112,52,33.872
22,115,52,0.0837394
22,118,52,2.69184
23,1,52,88.575
23,2,52,3525.3
23,3,52,1644.26
23,90,52,371859
23,91,52,5085950
23,110,52,42.1292
23,112,52,39.4373
23,115,52,0.0837394
23,118,52,2.69184
1,1,53,19.3018
1,2,53,57.6692
1,3,53,58.1352
1,90,53,16615.2
1,91,53,226229
1,110,53,3.695
1,112,53,0.769407
1,115,53,0.0972779
1,118,53,2.92559
2,1,53,11.3795
2,2,53,28.856
2,3,53,46.0817
2,90,53,8846.74
2,91,53,120632
2,110,53,3.94033
2,112,53,1.01473
2,115,53,0.0972779
2,118,53,2.92559
3,1,53,23.5576
3,2,53,84.6242
3,3,53,43.5696
3,90,53,11644.5
3,91,53,158784
3,110,53,4.22272
3,112,53,1.29712
3,115,53,0.0972779
3,118,53,2.92559
4,1,53,26.3359
4,2,53,158.87
4,3,53,155.559
4,90,53,31998.7
4,91,53,436033
4,110,53,4.91258
4,112,53,1.98699
4,115,53,0.0972779
4,118,53,2.92559
5,1,53,54.9699
5,2,53,598.172
5,3,53,280.714
5,90,53,62053.1
5,91,53,847020
5,110,53,12.4258
5,112,53,9.50016
5,115,53,0.0972779
5,118,53,2.92559
6,1,53,76.2879
6,2,53,945.206
6,3,53,392.784
6,90,53,92551.5
6,91,53,1264060
6,110,53,18.2984
6,112,53,15.3728
6,115,53,0.0972779
6,118,53,2.92559
7,1,53,97.106
7,2,53,1302.9
7,3,53,485.171
7,90,53,119486
7,91,53,1632720
7,110,53,25.8278
7,112,53,22.9022
7,115,53,0.0972779
7,118,53,2.92559
8,1,53,121.707
8,2,53,1822.45
8,3,53,670.888
8,90,53,164208
8,91,53,2244220
8,110,53,28.2335
8,112,53,25.3079
8,115,53,0.0972779
8,118,53,2.92559
9,1,53,25.9841
9,2,53,111.738
9,3,53,33.6903
9,90,53,10392.4
9,91,53,142010
9,110,53,3.81568
9,112,53,0.890086
9,115,53,0.0972779
9,118,53,2.92559
10,1,53,31.098
10,2,53,192.09
10,3,53,187.784
10,90,53,40129.2
10,91,53,546683
10,110,53,5.30412
10,112,53,2.37852
10,115,53,0.0972779
10,118,53,2.92559
11,1,53,43.0701
11,2,53,754.399
11,3,53,320.273
11,90,53,70927
11,91,53,967810
11,110,53,10.0391
11,112,53,7.11349
11,115,53,0.0972779
11,118,53,2.92559
12,1,53,46.2954
12,2,53,1032.5
12,3,53,459.799
12,90,53,98030.6
12,91,53,1336630
12,110,53,18.9383
12,112,53,16.0128
12,115,53,0.0972779
12,118,53,2.92559
13,1,53,56.5758
13,2,53,1416.94
13,3,53,574.568
13,90,53,127494
13,91,53,1738900
13,110,53,24.0927
13,112,53,21.1672
13,115,53,0.0972779
13,118,53,2.92559
14,1,53,71.3324
14,2,53,1980.29
14,3,53,786.087
14,90,53,174955
14,91,53,2386540
14,110,53,31.4114
14,112,53,28.4858
14,115,53,0.0972779
14,118,53,2.92559
15,1,53,83.6383
15,2,53,2706.42
15,3,53,1042.15
15,90,53,244938
15,91,53,3341160
15,110,53,43.5516
15,112,53,40.626
15,115,53,0.0972779
15,118,53,2.92559
16,1,53,107.535
16,2,53,3479.68
16,3,53,1327.56
16,90,53,314920
16,91,53,4295770
16,110,53,62.1041
16,112,53,59.1785
16,115,53,0.0972779
16,118,53,2.92559
17,1,53,131.432
17,2,53,4252.94
17,3,53,1622.58
17,90,53,384902
17,91,53,5250380
17,110,53,78.4101
17,112,53,75.4845
17,115,53,0.0972779
17,118,53,2.92559
18,1,53,30.1951
18,2,53,261.234
18,3,53,160.047
18,90,53,39470.6
18,91,53,538891
18,110,53,7.48436
18,112,53,4.55877
18,115,53,0.0972779
18,118,53,2.92559
19,1,53,38.6218
19,2,53,879.017
19,3,53,562.059
19,90,53,109446
19,91,53,1491950
19,110,53,16.2603
19,112,53,13.3347
19,115,53,0.0972779
19,118,53,2.92559
20,1,53,47.7428
20,2,53,1421.1
20,3,53,862.66
20,90,53,171807
20,91,53,2342580
20,110,53,21.5395
20,112,53,18.6139
20,115,53,0.0972779
20,118,53,2.92559
21,1,53,54.1291
21,2,53,1916.58
21,3,53,1159.3
21,90,53,240530
21,91,53,3279610
21,110,53,28.0024
21,112,53,25.0768
21,115,53,0.0972779
21,118,53,2.92559
22,1,53,69.5946
22,2,53,2464.18
22,3,53,1479.56
22,90,53,309252
22,91,53,4216630
22,110,53,38.257
22,112,53,35.3314
22,115,53,0.0972779
22,118,53,2.92559
23,1,53,85.06
23,2,53,3011.77
23,3,53,1808.36
23,90,53,377974
23,91,53,5153660
23,110,53,44.1168
23,112,53,41.1912
23,115,53,0.0972779
23,118,53,2.92559
1,1,61,12.9276
1,2,61,42.5361
1,3,61,89.65
1,90,61,18153.2
1,91,61,246445
1,110,61,5.64546
1,112,61,0.927211
1,115,61,0.134276
1,118,61,4.71824
2,1,61,10.8618
2,2,61,25.7535
2,3,61,81.6667
2,90,61,9018.67
2,91,61,122437
2,110,61,5.7875
2,112,61,1.06925
2,115,61,0.134276
2,118,61,4.71824
3,1,61,17.7504
3,2,61,76.7046
3,3,61,78.1979
3,90,61,11873.4
3,91,61,161192
3,110,61,6.56168
3,112,61,1.84343
3,115,61,0.134276
3,118,61,4.71824
4,1,61,18.5765
4,2,61,81.9047
4,3,61,268.238
4,90,61,33753.2
4,91,61,458229
4,110,61,8.19373
4,112,61,3.47548
4,115,61,0.134276
4,118,61,4.71824
5,1,61,24.7598
5,2,61,159.171
5,3,61,427.494
5,90,61,60244.3
5,91,61,817876
5,110,61,26.2212
5,112,61,21.5029
5,115,61,0.134276
5,118,61,4.71824
6,1,61,27.3374
6,2,61,202.815
6,3,61,560.917
6,90,61,87174.8
6,91,61,1183490
6,110,61,37.533
6,112,61,32.8148
6,115,61,0.134276
6,118,61,4.71824
7,1,61,27.7282
7,2,61,259.774
7,3,61,675.335
7,90,61,109723
7,91,61,1489610
7,110,61,52.464
7,112,61,47.7458
7,115,61,0.134276
7,118,61,4.71824
8,1,61,25.9687
8,2,61,338.134
8,3,61,950.865
8,90,61,149334
8,91,61,2027360
8,110,61,53.4564
8,112,61,48.7381
8,115,61,0.134276
8,118,61,4.71824
9,1,61,19.0599
9,2,61,81.7623
9,3,61,57.9476
9,90,61,9507.94
9,91,61,129081
9,110,61,6.93754
9,112,61,2.2193
9,115,61,0.134276
9,118,61,4.71824
10,1,61,22.6116
10,2,61,116.555
10,3,61,334.341
10,90,61,42864
10,91,61,581916
10,110,61,10.837
10,112,61,6.11872
10,115,61,0.134276
10,118,61,4.71824
11,1,61,22.9904
11,2,61,139.134
11,3,61,533.383
11,90,61,70090.1
11,91,61,951541
11,110,61,22.6243
11,112,61,17.906
11,115,61,0.134276
11,118,61,4.71824
12,1,61,24.8866
12,2,61,192.146
12,3,61,775.78
12,90,61,100624
12,91,61,1366070
12,110,61,40.9521
12,112,61,36.2339
12,115,61,0.134276
12,118,61,4.71824
13,1,61,25.7942
13,2,61,231.528
13,3,61,944.966
13,90,61,128897
13,91,61,1749900
13,110,61,58.2146
13,112,61,53.4964
13,115,61,0.134276
13,118,61,4.71824
14,1,61,27.6756
14,2,61,306.067
14,3,61,1316.05
14,90,61,175834
14,91,61,2387110
14,110,61,80.6981
14,112,61,75.9798
14,115,61,0.134276
14,118,61,4.71824
15,1,61,27.2416
15,2,61,351.191
15,3,61,1751.16
15,90,61,246168
15,91,61,3341960
15,110,61,126.051
15,112,61,121.333
15,115,61,0.134276
15,118,61,4.71824
16,1,61,35.0249
16,2,61,451.532
16,3,61,2210.05
16,90,61,316501
16,91,61,4296800
16,110,61,201.042
16,112,61,196.324
16,115,61,0.134276
16,118,61,4.71824
17,1,61,42.8083
17,2,61,551.872
17,3,61,2701.18
17,90,61,386834
17,91,61,5251640
17,110,61,255.84
17,112,61,251.122
17,115,61,0.134276
17,118,61,4.71824
18,1,61,30.3257
18,2,61,140.078
18,3,61,204.717
18,90,61,37869.6
18,91,61,514118
18,110,61,13.108
18,112,61,8.38971
18,115,61,0.134276
18,118,61,4.71824
19,1,61,30.3108
19,2,61,186.734
19,3,61,991.558
19,90,61,113512
19,91,61,1541030
19,110,61,29.8641
19,112,61,25.1459
19,115,61,0.134276
19,118,61,4.71824
20,1,61,33.9038
20,2,61,306.302
20,3,61,1408.73
20,90,61,176346
20,91,61,2394060
20,110,61,45.9656
20,112,61,41.2473
20,115,61,0.134276
20,118,61,4.71824
21,1,61,45.5146
21,2,61,265.258
21,3,61,1881.68
21,90,61,246885
21,91,61,3351690
21,110,61,68.8619
21,112,61,64.1437
21,115,61,0.134276
21,118,61,4.71824
22,1,61,58.519
22,2,61,341.046
22,3,61,2382.49
22,90,61,317422
22,91,61,4309300
22,110,61,106.146
22,112,61,101.428
22,115,61,0.134276
22,118,61,4.71824
23,1,61,71.5232
23,2,61,416.833
23,3,61,2911.94
23,90,61,387961
23,91,61,5266920
23,110,61,132.981
23,112,61,128.263
23,115,61,0.134276
23,118,61,4.71824
1,1,62,8.84096
1,2,62,26.9316
1,3,62,70.2593
1,90,62,18338.3
1,91,62,248955
1,110,62,4.20467
1,112,62,0.754443
1,115,62,0.145968
1,118,62,3.45023
2,1,62,7.73619
2,2,62,21.0007
2,3,62,58.686
2,90,62,9113.03
2,91,62,123716
2,110,62,4.28622
2,112,62,0.835995
2,115,62,0.145968
2,118,62,3.45023
3,1,62,14.2456
3,2,62,54.0341
3,3,62,55.7316
3,90,62,11983.2
3,91,62,162680
3,110,62,4.3699
3,112,62,0.91967
3,115,62,0.145968
3,118,62,3.45023
4,1,62,15.0412
4,2,62,59.0714
4,3,62,176.739
4,90,62,34018.7
4,91,62,461827
4,110,62,5.87862
4,112,62,2.42839
4,115,62,0.145968
4,118,62,3.45023
5,1,62,18.6307
5,2,62,104.03
5,3,62,285.277
5,90,62,60592.6
5,91,62,822585
5,110,62,17.7611
5,112,62,14.3109
5,115,62,0.145968
5,118,62,3.45023
6,1,62,20.5818
6,2,62,131.681
6,3,62,379.349
6,90,62,87616.8
6,91,62,1189460
6,110,62,22.4665
6,112,62,19.0163
6,115,62,0.145968
6,118,62,3.45023
7,1,62,19.2705
7,2,62,164.154
7,3,62,459.017
7,90,62,110231
7,91,62,1496460
7,110,62,32.1388
7,112,62,28.6886
7,115,62,0.145968
7,118,62,3.45023
8,1,62,19.0353
8,2,62,212.691
8,3,62,635.87
8,90,62,149908
8,91,62,2035100
8,110,62,32.2652
8,112,62,28.8149
8,115,62,0.145968
8,118,62,3.45023
9,1,62,14.287
9,2,62,54.7852
9,3,62,41.1827
9,90,62,9586.85
9,91,62,130148
9,110,62,4.62192
9,112,62,1.17169
9,115,62,0.145968
9,118,62,3.45023
10,1,62,17.5918
10,2,62,88.5936
10,3,62,208.552
10,90,62,43169.2
10,91,62,586051
10,110,62,7.55605
10,112,62,4.10582
10,115,62,0.145968
10,118,62,3.45023
11,1,62,17.49
11,2,62,104.979
11,3,62,324.419
11,90,62,70499.2
11,91,62,957075
11,110,62,15.1894
11,112,62,11.7392
11,115,62,0.145968
11,118,62,3.45023
12,1,62,18.3121
12,2,62,134.597
12,3,62,455.594
12,90,62,101173
12,91,62,1373490
12,110,62,26.5207
12,112,62,23.0705
12,115,62,0.145968
12,118,62,3.45023
13,1,62,18.2626
13,2,62,157.045
13,3,62,574.994
13,90,62,129558
13,91,62,1758840
13,110,62,39.5731
13,112,62,36.1228
13,115,62,0.145968
13,118,62,3.45023
14,1,62,18.7964
14,2,62,192.163
14,3,62,796.328
14,90,62,176578
14,91,62,2397170
14,110,62,52.9158
14,112,62,49.4656
14,115,62,0.145968
14,118,62,3.45023
15,1,62,19.0205
15,2,62,215.475
15,3,62,967.704
15,90,62,247210
15,91,62,3356040
15,110,62,79.0219
15,112,62,75.5716
15,115,62,0.145968
15,118,62,3.45023
16,1,62,24.455
16,2,62,277.04
16,3,62,1181.45
16,90,62,317841
16,91,62,4314910
16,110,62,120.069
16,112,62,116.619
16,115,62,0.145968
16,118,62,3.45023
17,1,62,29.8894
17,2,62,338.604
17,3,62,1443.99
17,90,62,388472
17,91,62,5273770
17,110,62,148.932
17,112,62,145.482
17,115,62,0.145968
17,118,62,3.45023
18,1,62,22.1631
18,2,62,104.35
18,3,62,158.914
18,90,62,38104.1
18,91,62,517288
18,110,62,7.92586
18,112,62,4.47563
18,115,62,0.145968
18,118,62,3.45023
19,1,62,21.1898
19,2,62,133.557
19,3,62,577.305
19,90,62,114099
19,91,62,1548980
19,110,62,18.2037
19,112,62,14.7535
19,115,62,0.145968
19,118,62,3.45023
20,1,62,23.2383
20,2,62,198.638
20,3,62,854.683
20,90,62,177161
20,91,62,2405080
20,110,62,27.1875
20,112,62,23.7372
20,115,62,0.145968
20,118,62,3.45023
21,1,62,30.7905
21,2,62,167.542
21,3,62,1064.22
21,90,62,248025
21,91,62,3367110
21,110,62,39.3384
21,112,62,35.8881
21,115,62,0.145968
21,118,62,3.45023
22,1,62,39.5879
22,2,62,215.411
22,3,62,1312.55
22,90,62,318888
22,91,62,4329130
22,110,62,58.2583
22,112,62,54.8081
22,115,62,0.145968
22,118,62,3.45023
23,1,62,48.3852
23,2,62,263.28
23,3,62,1604.23
23,90,62,389752
23,91,62,5291150
23,110,62,71.45
23,112,62,67.9998
23,115,62,0.145968
23,118,62,3.45023
